{"cameraMode":{"drawMode":0,"name":"Shaded","section":"Shading Mode"},"sceneLighting":false,"audioPlay":false,"sceneViewState":{"showFog":true,"showMaterialUpdate":false,"showSkybox":false,"showFlares":true,"showImageEffects":true,"showParticleSystems":true},"in2DMode":false,"pivot":{"x":254.04983520507813,"y":3.998213291168213,"z":-133.4847869873047},"rotation":{"x":0.008218771778047085,"y":0.9718038439750671,"z":-0.03537033498287201,"w":0.2340492457151413},"size":11.650054931640625,"orthographic":false}