{"cameraMode":{"drawMode":0,"name":"Shaded","section":"Shading Mode"},"sceneLighting":false,"audioPlay":false,"sceneViewState":{"showFog":true,"showMaterialUpdate":false,"showSkybox":false,"showFlares":true,"showImageEffects":true,"showParticleSystems":true},"in2DMode":false,"pivot":{"x":-1414.4949951171875,"y":898.8731689453125,"z":2995.077392578125},"rotation":{"x":-0.3240355849266052,"y":0.5634672045707703,"z":-0.2547418773174286,"w":-0.7160800695419312},"size":1023.7088623046875,"orthographic":false}