{"cameraMode":{"drawMode":0,"name":"Shaded","section":"Shading Mode"},"sceneLighting":false,"audioPlay":false,"sceneViewState":{"showFog":true,"showMaterialUpdate":false,"showSkybox":false,"showFlares":true,"showImageEffects":true,"showParticleSystems":true},"in2DMode":false,"pivot":{"x":146.1806640625,"y":-219.61614990234376,"z":-327.22955322265627},"rotation":{"x":0.2424125224351883,"y":0.5202599763870239,"z":-0.15681792795658112,"w":0.8040266036987305},"size":993.2167358398438,"orthographic":false}