{"cameraMode":{"drawMode":0,"name":"Shaded","section":"Shading Mode"},"sceneLighting":false,"audioPlay":false,"sceneViewState":{"showFog":true,"showMaterialUpdate":false,"showSkybox":false,"showFlares":true,"showImageEffects":true,"showParticleSystems":true},"in2DMode":false,"pivot":{"x":84.5989990234375,"y":108.84913635253906,"z":454.9980163574219},"rotation":{"x":0.08270243555307388,"y":0.02089831791818142,"z":-0.0017815404571592808,"w":0.9964435696601868},"size":45.20528793334961,"orthographic":false}