{"cameraMode":{"drawMode":0,"name":"Shaded","section":"Shading Mode"},"sceneLighting":false,"audioPlay":false,"sceneViewState":{"showFog":true,"showMaterialUpdate":false,"showSkybox":false,"showFlares":true,"showImageEffects":true,"showParticleSystems":true},"in2DMode":false,"pivot":{"x":79.81707763671875,"y":6.223005294799805,"z":131.7046661376953},"rotation":{"x":0.09643199294805527,"y":-0.9032841324806213,"z":0.28120023012161257,"w":0.30966100096702578},"size":26.1295166015625,"orthographic":false}