{"cameraMode":{"drawMode":0,"name":"Shaded","section":"Shading Mode"},"sceneLighting":false,"audioPlay":false,"sceneViewState":{"showFog":true,"showMaterialUpdate":false,"showSkybox":false,"showFlares":true,"showImageEffects":true,"showParticleSystems":true},"in2DMode":false,"pivot":{"x":417.476318359375,"y":164.60708618164063,"z":-168.239501953125},"rotation":{"x":0.22810964286327363,"y":-0.3695409595966339,"z":0.09409208595752716,"w":0.8959366679191589},"size":239.39016723632813,"orthographic":false}