{"cameraMode":{"drawMode":0,"name":"Shaded","section":"Shading Mode"},"sceneLighting":false,"audioPlay":false,"sceneViewState":{"showFog":true,"showMaterialUpdate":false,"showSkybox":false,"showFlares":true,"showImageEffects":true,"showParticleSystems":true},"in2DMode":false,"pivot":{"x":41.94276428222656,"y":-2.604506015777588,"z":38.96379470825195},"rotation":{"x":0.03039955534040928,"y":-0.9562082886695862,"z":0.27113357186317446,"w":0.10680849850177765},"size":6.731205940246582,"orthographic":false}