{"cameraMode":{"drawMode":0,"name":"Shaded","section":"Shading Mode"},"sceneLighting":false,"audioPlay":false,"sceneViewState":{"showFog":true,"showMaterialUpdate":false,"showSkybox":false,"showFlares":true,"showImageEffects":true,"showParticleSystems":true},"in2DMode":false,"pivot":{"x":71.4323501586914,"y":26.950002670288087,"z":98.64491271972656},"rotation":{"x":0.23126603662967683,"y":-0.28082922101020815,"z":0.06297805160284043,"w":0.9300584197044373},"size":29.869731903076173,"orthographic":false}