{"cameraMode":{"drawMode":0,"name":"Shaded","section":"Shading Mode"},"sceneLighting":false,"audioPlay":false,"sceneViewState":{"showFog":true,"showMaterialUpdate":false,"showSkybox":false,"showFlares":true,"showImageEffects":true,"showParticleSystems":true},"in2DMode":false,"pivot":{"x":310.1234436035156,"y":23.776634216308595,"z":-414.36968994140627},"rotation":{"x":0.006172832567244768,"y":0.9548481702804565,"z":0.01974812150001526,"w":-0.29661139845848086},"size":19.196542739868165,"orthographic":false}