{"cameraMode":{"drawMode":0,"name":"Shaded","section":"Shading Mode"},"sceneLighting":false,"audioPlay":false,"sceneViewState":{"showFog":true,"showMaterialUpdate":false,"showSkybox":false,"showFlares":true,"showImageEffects":true,"showParticleSystems":true},"in2DMode":false,"pivot":{"x":2686.4970703125,"y":-166.53475952148438,"z":5136.89404296875},"rotation":{"x":-0.13336673378944398,"y":0.8270719647407532,"z":-0.4995153844356537,"w":-0.22092659771442414},"size":405.26318359375,"orthographic":false}